
    {
        "Employee1@abc.com": [
            {
                "from": "01-04-2014",
                "to": "31-03-2015",
                "profile": "Searce Male Policy"
            },
            {
                "from": "01-05-2015",
                "to": "31-05-2015",
                "profile": "happier work backend"

            }

        ],

        "Employee2@abc.com": [
            {
                "from": "01-04-2014",
                "to": "31-03-2015",
                "profile": "Searce Female Policy"
            }
        ]
     }
