{
    "Employee1@abc.com": [
        {
            "from": "01-03-2014",
            "to": "15-03-2014",
            "profile": "member"
        }
    ],
    "Employee2@abc.com": [
        {
            "from": "01-03-2014",
            "to": "15-03-2014",
            "profile": "evlos member"
        }
    ],
    "Employee99@abc.com": [
        {
            "from": "12-04-2022",
            "profile": "13-05-2022",
            "to": "happy"
        }
    ],
    "Employee1001@abc.com": [
        {
            "from": "12-04-2022",
            "profile": "13-05-2022",
            "to": "happy"
        }
    ]
}